,Iteration,Time,Fitness,FEvals,Restarts,max_iters,current_restart
0,0,0.0005937620001077448,43.0,0.0,0,1000,0
1,1,0.0039799329999823385,43.0,1.0,0,1000,0
2,2,0.0042740730000332405,43.0,2.0,0,1000,0
3,3,0.004563109999935477,43.0,3.0,0,1000,0
4,4,0.0048508770000808,43.0,4.0,0,1000,0
5,5,0.005123057999981029,43.0,5.0,0,1000,0
6,6,0.005411237000089386,43.0,6.0,0,1000,0
7,7,0.005696077000038713,43.0,7.0,0,1000,0
8,8,0.005981631999929959,43.0,8.0,0,1000,0
9,9,0.006266734000064389,43.0,9.0,0,1000,0
10,10,0.0065535349999663595,43.0,10.0,0,1000,0
11,11,0.006844928999953481,43.0,11.0,0,1000,0
12,12,0.007132512999987739,43.0,12.0,0,1000,0
13,13,0.007461186000000453,43.0,13.0,0,1000,0
14,14,0.008023893999961729,42.0,15.0,0,1000,0
15,15,0.008313947000033295,42.0,16.0,0,1000,0
16,16,0.008647772999893277,42.0,17.0,0,1000,0
17,17,0.008939044000044305,42.0,18.0,0,1000,0
18,18,0.00923264600010043,42.0,19.0,0,1000,0
19,19,0.009524108000050546,42.0,20.0,0,1000,0
20,20,0.009815983999942546,42.0,21.0,0,1000,0
21,21,0.01010737000001427,42.0,22.0,0,1000,0
22,22,0.01066503299989563,41.0,24.0,0,1000,0
23,23,0.0109583759999623,41.0,25.0,0,1000,0
24,24,0.011251644999902055,41.0,26.0,0,1000,0
25,25,0.011545608000005814,41.0,27.0,0,1000,0
26,26,0.012165995000032126,40.0,29.0,0,1000,0
27,27,0.01246029499998258,40.0,30.0,0,1000,0
28,28,0.012939103999997315,40.0,31.0,0,1000,0
29,29,0.013254452999944988,40.0,32.0,0,1000,0
30,30,0.013555013000086547,40.0,33.0,0,1000,0
31,31,0.013852360000100816,40.0,34.0,0,1000,0
32,32,0.014150078000056965,40.0,35.0,0,1000,0
33,33,0.01444759800006068,40.0,36.0,0,1000,0
34,34,0.015077376999897751,37.0,38.0,0,1000,0
35,35,0.015378205999923011,37.0,39.0,0,1000,0
36,36,0.015677140999969197,37.0,40.0,0,1000,0
37,37,0.0159749039999042,37.0,41.0,0,1000,0
38,38,0.016274006000003283,37.0,42.0,0,1000,0
39,39,0.016573175000075935,37.0,43.0,0,1000,0
40,40,0.016872503000058714,37.0,44.0,0,1000,0
41,41,0.017172624000068026,37.0,45.0,0,1000,0
42,42,0.017473375000008673,37.0,46.0,0,1000,0
43,43,0.017774293000002217,37.0,47.0,0,1000,0
44,44,0.018379389000074298,36.0,49.0,0,1000,0
45,45,0.01894616499998847,35.0,51.0,0,1000,0
46,46,0.019247702000029676,35.0,52.0,0,1000,0
47,47,0.01981506399988575,33.0,54.0,0,1000,0
48,48,0.020117718999927092,33.0,55.0,0,1000,0
49,49,0.020422105000079682,33.0,56.0,0,1000,0
50,50,0.020711381999944933,33.0,57.0,0,1000,0
51,51,0.021282312000039383,32.0,59.0,0,1000,0
52,52,0.021586301000070307,32.0,60.0,0,1000,0
53,53,0.021878996999930678,32.0,61.0,0,1000,0
54,54,0.022183090999988053,32.0,62.0,0,1000,0
55,55,0.022489331000087986,32.0,63.0,0,1000,0
56,56,0.022796658000061143,32.0,64.0,0,1000,0
57,57,0.023104398999976183,32.0,65.0,0,1000,0
58,58,0.023455713999965155,32.0,66.0,0,1000,0
59,59,0.023750040000095396,32.0,67.0,0,1000,0
60,60,0.024056620000010298,32.0,68.0,0,1000,0
61,61,0.02435179600001902,32.0,69.0,0,1000,0
62,62,0.024658952999971007,32.0,70.0,0,1000,0
63,63,0.024968843999886303,32.0,71.0,0,1000,0
64,64,0.02527976800001852,32.0,72.0,0,1000,0
65,65,0.025593934999960766,32.0,73.0,0,1000,0
66,66,0.025904033999950116,32.0,74.0,0,1000,0
67,67,0.026215663999892058,32.0,75.0,0,1000,0
68,68,0.026527232000034928,32.0,76.0,0,1000,0
69,69,0.026839755000082732,32.0,77.0,0,1000,0
70,70,0.027151681000077588,32.0,78.0,0,1000,0
71,71,0.027451874999997017,32.0,79.0,0,1000,0
72,72,0.027763300000060553,32.0,80.0,0,1000,0
73,73,0.02831655399995725,30.0,82.0,0,1000,0
74,74,0.028692193000097177,30.0,83.0,0,1000,0
75,75,0.029007570999965537,30.0,84.0,0,1000,0
76,76,0.029322038999907818,30.0,85.0,0,1000,0
77,77,0.029640491000009206,30.0,86.0,0,1000,0
78,78,0.029943009999897185,30.0,87.0,0,1000,0
79,79,0.03026034799995614,30.0,88.0,0,1000,0
80,80,0.0305633929999658,30.0,89.0,0,1000,0
81,81,0.03086693499994908,30.0,90.0,0,1000,0
82,82,0.03142177599988827,29.0,92.0,0,1000,0
83,83,0.03172622500005673,29.0,93.0,0,1000,0
84,84,0.03202975299996069,29.0,94.0,0,1000,0
85,85,0.032347189999882175,29.0,95.0,0,1000,0
86,86,0.03274444099997709,29.0,96.0,0,1000,0
87,87,0.03318263599999227,29.0,97.0,0,1000,0
88,88,0.0335117160000209,29.0,98.0,0,1000,0
89,89,0.03384098299989091,29.0,99.0,0,1000,0
90,90,0.034430466000003435,27.0,101.0,0,1000,0
91,91,0.03503223999996408,26.0,103.0,0,1000,0
92,92,0.03535758699990765,26.0,104.0,0,1000,0
93,93,0.035683949000031134,26.0,105.0,0,1000,0
94,94,0.03624463999994987,25.0,107.0,0,1000,0
95,95,0.03656897499990919,25.0,108.0,0,1000,0
96,96,0.037159679000069445,24.0,110.0,0,1000,0
97,97,0.03774982799995996,21.0,112.0,0,1000,0
98,98,0.038072788999897966,21.0,113.0,0,1000,0
99,99,0.03866336200007936,19.0,115.0,0,1000,0
100,100,0.03900711500000398,19.0,116.0,0,1000,0
101,101,0.03939564999996037,19.0,117.0,0,1000,0
102,102,0.03973231100007979,19.0,118.0,0,1000,0
103,103,0.04006858899992949,19.0,119.0,0,1000,0
104,104,0.04040743299992755,19.0,120.0,0,1000,0
105,105,0.04074497200008409,19.0,121.0,0,1000,0
106,106,0.041085326000029454,19.0,122.0,0,1000,0
107,107,0.04142445599995881,19.0,123.0,0,1000,0
108,108,0.04176031399993008,19.0,124.0,0,1000,0
109,109,0.042101783999896725,19.0,125.0,0,1000,0
110,110,0.042438532999995005,19.0,126.0,0,1000,0
111,111,0.04277804200000901,19.0,127.0,0,1000,0
112,112,0.04311803699988559,19.0,128.0,0,1000,0
113,113,0.0434587190000002,19.0,129.0,0,1000,0
114,114,0.04379694699991887,19.0,130.0,0,1000,0
115,115,0.044138689999954295,19.0,131.0,0,1000,0
116,116,0.04447791100005816,19.0,132.0,0,1000,0
117,117,0.0448193889999402,19.0,133.0,0,1000,0
118,118,0.04515908300004412,19.0,134.0,0,1000,0
119,119,0.04550222200009557,19.0,135.0,0,1000,0
120,120,0.04584282699988762,19.0,136.0,0,1000,0
121,121,0.046185679000018354,19.0,137.0,0,1000,0
122,122,0.04652774200008025,19.0,138.0,0,1000,0
123,123,0.04687190200002078,19.0,139.0,0,1000,0
124,124,0.04721407400006683,19.0,140.0,0,1000,0
125,125,0.04754526400006398,19.0,141.0,0,1000,0
126,126,0.047889337000015075,19.0,142.0,0,1000,0
127,127,0.04822639999997591,19.0,143.0,0,1000,0
128,128,0.04884227999991708,18.0,145.0,0,1000,0
129,129,0.04919136700004856,18.0,146.0,0,1000,0
130,130,0.0495377219999682,18.0,147.0,0,1000,0
131,131,0.04988428000001477,18.0,148.0,0,1000,0
132,132,0.050272662999987006,18.0,149.0,0,1000,0
133,133,0.05062019199999668,18.0,150.0,0,1000,0
134,134,0.050968122000085714,18.0,151.0,0,1000,0
135,135,0.05131604400003198,18.0,152.0,0,1000,0
136,136,0.05167169400010607,18.0,153.0,0,1000,0
137,137,0.052022368000052666,18.0,154.0,0,1000,0
138,138,0.05237182299993037,18.0,155.0,0,1000,0
139,139,0.052721299000040744,18.0,156.0,0,1000,0
140,140,0.05307198400009838,18.0,157.0,0,1000,0
141,141,0.05342309999991812,18.0,158.0,0,1000,0
142,142,0.053773597999907,18.0,159.0,0,1000,0
143,143,0.054125404999922466,18.0,160.0,0,1000,0
144,144,0.0547906920000969,17.0,162.0,0,1000,0
145,145,0.055417466000108107,16.0,164.0,0,1000,0
146,146,0.05577043900007084,16.0,165.0,0,1000,0
147,147,0.0561231819999648,16.0,166.0,0,1000,0
148,148,0.056525230000033844,16.0,167.0,0,1000,0
149,149,0.05688432500005547,16.0,168.0,0,1000,0
150,150,0.057239448000018456,16.0,169.0,0,1000,0
151,151,0.057598976000008406,16.0,170.0,0,1000,0
152,152,0.057954698999992615,16.0,171.0,0,1000,0
153,153,0.05831086900002447,16.0,172.0,0,1000,0
154,154,0.05866655699992407,16.0,173.0,0,1000,0
155,155,0.05900906900001246,16.0,174.0,0,1000,0
156,156,0.059365577000107805,16.0,175.0,0,1000,0
157,157,0.05971001200009596,16.0,176.0,0,1000,0
158,158,0.060067019999905824,16.0,177.0,0,1000,0
159,159,0.060426082000049064,16.0,178.0,0,1000,0
160,160,0.06078367400004936,16.0,179.0,0,1000,0
161,161,0.06114351699989129,16.0,180.0,0,1000,0
162,162,0.061503712000103405,16.0,181.0,0,1000,0
163,163,0.061863665999908335,16.0,182.0,0,1000,0
164,164,0.062222912999914115,16.0,183.0,0,1000,0
165,165,0.0625834570000734,16.0,184.0,0,1000,0
166,166,0.062991970999974,16.0,185.0,0,1000,0
167,167,0.06335521500000141,16.0,186.0,0,1000,0
168,168,0.06371860099989135,16.0,187.0,0,1000,0
169,169,0.06408132999990812,16.0,188.0,0,1000,0
170,170,0.06444420999991962,16.0,189.0,0,1000,0
171,171,0.06480818799991539,16.0,190.0,0,1000,0
172,172,0.06517535800003316,16.0,191.0,0,1000,0
173,173,0.06554232200005572,16.0,192.0,0,1000,0
174,174,0.06590746100005163,16.0,193.0,0,1000,0
175,175,0.06627309999998943,16.0,194.0,0,1000,0
176,176,0.06663838100007524,16.0,195.0,0,1000,0
177,177,0.06700468999997611,16.0,196.0,0,1000,0
178,178,0.06737090299998272,16.0,197.0,0,1000,0
179,179,0.06773812200003704,16.0,198.0,0,1000,0
180,180,0.06838481899990256,15.0,200.0,0,1000,0
181,181,0.06875492800008942,15.0,201.0,0,1000,0
182,182,0.06912573899990093,15.0,202.0,0,1000,0
183,183,0.06976675300006718,14.0,204.0,0,1000,0
184,184,0.07013458899996294,14.0,205.0,0,1000,0
185,185,0.07049109400009002,14.0,206.0,0,1000,0
186,186,0.07086165800001254,14.0,207.0,0,1000,0
187,187,0.07123271699992983,14.0,208.0,0,1000,0
188,188,0.07160412899997937,14.0,209.0,0,1000,0
189,189,0.07197625499998139,14.0,210.0,0,1000,0
190,190,0.07234796200009441,14.0,211.0,0,1000,0
191,191,0.07272042599993256,14.0,212.0,0,1000,0
192,192,0.07309540599999309,14.0,213.0,0,1000,0
193,193,0.07374540399996476,13.0,215.0,0,1000,0
194,194,0.07412019699995653,13.0,216.0,0,1000,0
195,195,0.07450156000004426,13.0,217.0,0,1000,0
196,196,0.0748761550000836,13.0,218.0,0,1000,0
197,197,0.07525425600010749,13.0,219.0,0,1000,0
198,198,0.07562941500009401,13.0,220.0,0,1000,0
199,199,0.07632826200006093,12.0,222.0,0,1000,0
200,200,0.07670764699992105,12.0,223.0,0,1000,0
201,201,0.07708695799988163,12.0,224.0,0,1000,0
202,202,0.07746963099998538,12.0,225.0,0,1000,0
203,203,0.07784951100006765,12.0,226.0,0,1000,0
204,204,0.07822797199992237,12.0,227.0,0,1000,0
205,205,0.07860734299993055,12.0,228.0,0,1000,0
206,206,0.07898722300001282,12.0,229.0,0,1000,0
207,207,0.07936782699994183,12.0,230.0,0,1000,0
208,208,0.07974888900002952,12.0,231.0,0,1000,0
209,209,0.0801302540000961,12.0,232.0,0,1000,0
210,210,0.080558321999888,12.0,233.0,0,1000,0
211,211,0.08094058899996526,12.0,234.0,0,1000,0
212,212,0.08132207800008473,12.0,235.0,0,1000,0
213,213,0.08170573799998238,12.0,236.0,0,1000,0
214,214,0.08208863899994867,12.0,237.0,0,1000,0
215,215,0.08247260899997855,12.0,238.0,0,1000,0
216,216,0.08285609099993962,12.0,239.0,0,1000,0
217,217,0.08324283100000684,12.0,240.0,0,1000,0
218,218,0.08362799599990467,12.0,241.0,0,1000,0
219,219,0.08401328700006161,12.0,242.0,0,1000,0
220,220,0.08439836399998057,12.0,243.0,0,1000,0
221,221,0.08506522800007588,11.0,245.0,0,1000,0
222,222,0.08545468200009054,11.0,246.0,0,1000,0
223,223,0.08584288599990941,11.0,247.0,0,1000,0
224,224,0.08622893300002943,11.0,248.0,0,1000,0
225,225,0.0868896990000394,9.0,250.0,0,1000,0
226,226,0.08727774499993757,9.0,251.0,0,1000,0
227,227,0.0876677109999946,9.0,252.0,0,1000,0
228,228,0.0880554000000302,9.0,253.0,0,1000,0
229,229,0.08843200299997989,9.0,254.0,0,1000,0
230,230,0.08882087799997862,9.0,255.0,0,1000,0
231,231,0.08919841900001302,9.0,256.0,0,1000,0
232,232,0.08958765400006996,9.0,257.0,0,1000,0
233,233,0.08998294299999543,9.0,258.0,0,1000,0
234,234,0.09037756699990496,9.0,259.0,0,1000,0
235,235,0.0907725429999573,9.0,260.0,0,1000,0
236,236,0.0911684459999833,9.0,261.0,0,1000,0
237,237,0.0915642160000516,9.0,262.0,0,1000,0
238,238,0.09195648800005074,9.0,263.0,0,1000,0
239,239,0.09235215099988636,9.0,264.0,0,1000,0
240,240,0.0927452749999702,9.0,265.0,0,1000,0
241,241,0.09314348899988545,9.0,266.0,0,1000,0
242,242,0.09353755799997998,9.0,267.0,0,1000,0
243,243,0.09393810500000654,9.0,268.0,0,1000,0
244,244,0.09433443300008548,9.0,269.0,0,1000,0
245,245,0.09473271599995314,9.0,270.0,0,1000,0
246,246,0.09512820500003727,9.0,271.0,0,1000,0
247,247,0.09552867799993692,9.0,272.0,0,1000,0
248,248,0.09592514199994184,9.0,273.0,0,1000,0
249,249,0.09632489000000533,9.0,274.0,0,1000,0
250,250,0.09672187299997859,9.0,275.0,0,1000,0
251,251,0.09716681100007918,9.0,276.0,0,1000,0
252,252,0.09756568200009497,9.0,277.0,0,1000,0
253,253,0.09797011799992106,9.0,278.0,0,1000,0
254,254,0.09836994800002685,9.0,279.0,0,1000,0
255,255,0.09877241200001663,9.0,280.0,0,1000,0
256,256,0.09944262199996956,8.0,282.0,0,1000,0
257,257,0.0998456410000017,8.0,283.0,0,1000,0
258,258,0.10024687200007065,8.0,284.0,0,1000,0
259,259,0.10064905800004453,8.0,285.0,0,1000,0
260,260,0.10105105399998138,8.0,286.0,0,1000,0
261,261,0.10145742300005622,8.0,287.0,0,1000,0
262,262,0.10186667099992519,8.0,288.0,0,1000,0
263,263,0.10227147299997341,8.0,289.0,0,1000,0
264,264,0.10267468899996857,8.0,290.0,0,1000,0
265,265,0.1030820710000171,8.0,291.0,0,1000,0
266,266,0.10348871800010784,8.0,292.0,0,1000,0
267,267,0.10389422299999751,8.0,293.0,0,1000,0
268,268,0.10430014100006701,8.0,294.0,0,1000,0
269,269,0.10475507099999959,8.0,295.0,0,1000,0
270,270,0.10516123599995808,8.0,296.0,0,1000,0
271,271,0.10556984300001204,8.0,297.0,0,1000,0
272,272,0.10597834500003955,8.0,298.0,0,1000,0
273,273,0.10638602399990305,8.0,299.0,0,1000,0
274,274,0.10679844500009494,8.0,300.0,0,1000,0
275,275,0.10720797999988463,8.0,301.0,0,1000,0
276,276,0.10762231600006089,8.0,302.0,0,1000,0
277,277,0.10803227699989293,8.0,303.0,0,1000,0
278,278,0.10844149900003686,8.0,304.0,0,1000,0
279,279,0.1088900019999528,8.0,305.0,0,1000,0
280,280,0.10957740200001354,7.0,307.0,0,1000,0
281,281,0.10999053000000458,7.0,308.0,0,1000,0
282,282,0.11039046399992003,7.0,309.0,0,1000,0
283,283,0.11080379700001686,7.0,310.0,0,1000,0
284,284,0.11121929499995531,7.0,311.0,0,1000,0
285,285,0.1116333529998883,7.0,312.0,0,1000,0
286,286,0.11204884800008585,7.0,313.0,0,1000,0
287,287,0.11246357200002421,7.0,314.0,0,1000,0
288,288,0.1128787340001054,7.0,315.0,0,1000,0
289,289,0.11331793099998322,7.0,316.0,0,1000,0
290,290,0.1137395440000546,7.0,317.0,0,1000,0
291,291,0.11420482600010473,7.0,318.0,0,1000,0
292,292,0.11462228699997468,7.0,319.0,0,1000,0
293,293,0.1150435679999191,7.0,320.0,0,1000,0
294,294,0.1154642189999322,7.0,321.0,0,1000,0
295,295,0.1158828549998816,7.0,322.0,0,1000,0
296,296,0.11630327900002158,7.0,323.0,0,1000,0
297,297,0.11672186300006615,7.0,324.0,0,1000,0
298,298,0.11714282599996295,7.0,325.0,0,1000,0
299,299,0.1175624869999865,7.0,326.0,0,1000,0
300,300,0.11798882700009017,7.0,327.0,0,1000,0
301,301,0.11845922499992412,7.0,328.0,0,1000,0
302,302,0.11893007300000136,7.0,329.0,0,1000,0
303,303,0.11935315899995658,7.0,330.0,0,1000,0
304,304,0.11977731799993308,7.0,331.0,0,1000,0
305,305,0.12020009699995171,7.0,332.0,0,1000,0
306,306,0.12062467800001286,7.0,333.0,0,1000,0
307,307,0.12104851999993116,7.0,334.0,0,1000,0
308,308,0.12147399800005587,7.0,335.0,0,1000,0
309,309,0.12190115199996399,7.0,336.0,0,1000,0
310,310,0.12233040199998868,7.0,337.0,0,1000,0
311,311,0.12275992800005042,7.0,338.0,0,1000,0
312,312,0.12319038100008584,7.0,339.0,0,1000,0
313,313,0.12362183100003676,7.0,340.0,0,1000,0
314,314,0.12405141499993988,7.0,341.0,0,1000,0
315,315,0.12448428700008662,7.0,342.0,0,1000,0
316,316,0.12495419800006857,7.0,343.0,0,1000,0
317,317,0.12538450300007753,7.0,344.0,0,1000,0
318,318,0.12581458399995427,7.0,345.0,0,1000,0
319,319,0.12624356400010583,7.0,346.0,0,1000,0
320,320,0.12667452599998796,7.0,347.0,0,1000,0
321,321,0.1271049370000128,7.0,348.0,0,1000,0
322,322,0.12753948999989007,7.0,349.0,0,1000,0
323,323,0.12797077699997317,7.0,350.0,0,1000,0
324,324,0.1284068299999035,7.0,351.0,0,1000,0
325,325,0.1288843849999921,7.0,352.0,0,1000,0
326,326,0.12931928300008622,7.0,353.0,0,1000,0
327,327,0.12975200899995798,7.0,354.0,0,1000,0
328,328,0.13018581100004667,7.0,355.0,0,1000,0
329,329,0.1306198110000878,7.0,356.0,0,1000,0
330,330,0.131055139999944,7.0,357.0,0,1000,0
331,331,0.13148912799988466,7.0,358.0,0,1000,0
332,332,0.13192540000000008,7.0,359.0,0,1000,0
333,333,0.13236059399991973,7.0,360.0,0,1000,0
334,334,0.13279758399994535,7.0,361.0,0,1000,0
335,335,0.13325023399988822,7.0,362.0,0,1000,0
336,336,0.13369125400004123,7.0,363.0,0,1000,0
337,337,0.13412803799997164,7.0,364.0,0,1000,0
338,338,0.13456627599998683,7.0,365.0,0,1000,0
339,339,0.13501259700001356,7.0,366.0,0,1000,0
340,340,0.13545590600006108,7.0,367.0,0,1000,0
341,341,0.13589486099999704,7.0,368.0,0,1000,0
342,342,0.1363351039999543,7.0,369.0,0,1000,0
343,343,0.13677476499992736,7.0,370.0,0,1000,0
344,344,0.13721620000001167,7.0,371.0,0,1000,0
345,345,0.13765682799999013,7.0,372.0,0,1000,0
346,346,0.1380853200000729,7.0,373.0,0,1000,0
347,347,0.138526438000099,7.0,374.0,0,1000,0
348,348,0.13897697099992,7.0,375.0,0,1000,0
349,349,0.13940853700000844,7.0,376.0,0,1000,0
350,350,0.139898015999961,7.0,377.0,0,1000,0
351,351,0.14033598199989683,7.0,378.0,0,1000,0
352,352,0.14082180800005517,7.0,379.0,0,1000,0
353,353,0.14125841500003844,7.0,380.0,0,1000,0
354,354,0.14169365799989464,7.0,381.0,0,1000,0
355,355,0.14212826700008918,7.0,382.0,0,1000,0
356,356,0.14256390400009877,7.0,383.0,0,1000,0
357,357,0.14299804200004473,7.0,384.0,0,1000,0
358,358,0.14343585000005987,7.0,385.0,0,1000,0
359,359,0.1438730239999586,7.0,386.0,0,1000,0
360,360,0.14431058900004246,7.0,387.0,0,1000,0
361,361,0.14474693100009972,7.0,388.0,0,1000,0
362,362,0.14518590200009385,7.0,389.0,0,1000,0
363,363,0.14562534099991353,7.0,390.0,0,1000,0
364,364,0.1461049350000394,7.0,391.0,0,1000,0
365,365,0.14654301599989594,7.0,392.0,0,1000,0
366,366,0.14698238799996943,7.0,393.0,0,1000,0
367,367,0.1474218620001011,7.0,394.0,0,1000,0
368,368,0.14786101000004237,7.0,395.0,0,1000,0
369,369,0.1483014150001054,7.0,396.0,0,1000,0
370,370,0.14874266299989358,7.0,397.0,0,1000,0
371,371,0.1491843470000731,7.0,398.0,0,1000,0
372,372,0.14962540700003046,7.0,399.0,0,1000,0
373,373,0.1500677460001043,7.0,400.0,0,1000,0
374,374,0.15051088399991386,7.0,401.0,0,1000,0
375,375,0.15095363699992959,7.0,402.0,0,1000,0
376,376,0.15144477800004097,7.0,403.0,0,1000,0
377,377,0.15189359000009972,7.0,404.0,0,1000,0
378,378,0.15233802700004162,7.0,405.0,0,1000,0
379,379,0.15284947600002852,7.0,406.0,0,1000,0
380,380,0.15329665099989143,7.0,407.0,0,1000,0
381,381,0.15374260899989167,7.0,408.0,0,1000,0
382,382,0.15418836799995006,7.0,409.0,0,1000,0
383,383,0.15463508399989223,7.0,410.0,0,1000,0
384,384,0.15508235099991907,7.0,411.0,0,1000,0
385,385,0.1555312949999461,7.0,412.0,0,1000,0
386,386,0.15598054799988859,7.0,413.0,0,1000,0
387,387,0.15642860899993138,7.0,414.0,0,1000,0
388,388,0.15694219500005602,7.0,415.0,0,1000,0
389,389,0.15737997499991252,7.0,416.0,0,1000,0
390,390,0.15808985099988604,6.0,418.0,0,1000,0
391,391,0.15852855599996474,6.0,419.0,0,1000,0
392,392,0.15896674300006453,6.0,420.0,0,1000,0
393,393,0.15940504199988936,6.0,421.0,0,1000,0
394,394,0.1598434489999363,6.0,422.0,0,1000,0
395,395,0.1602818540000044,6.0,423.0,0,1000,0
396,396,0.16071988599992437,6.0,424.0,0,1000,0
397,397,0.16122042999995756,6.0,425.0,0,1000,0
398,398,0.16165920200000983,6.0,426.0,0,1000,0
399,399,0.1621746850000818,6.0,427.0,0,1000,0
400,400,0.16261398300002838,6.0,428.0,0,1000,0
401,401,0.16316741900004672,6.0,429.0,0,1000,0
402,402,0.16365424299988263,6.0,430.0,0,1000,0
403,403,0.16410607600005278,6.0,431.0,0,1000,0
404,404,0.16455120599994189,6.0,432.0,0,1000,0
405,405,0.16501008899990666,6.0,433.0,0,1000,0
406,406,0.1654744079999091,6.0,434.0,0,1000,0
407,407,0.1659358770000381,6.0,435.0,0,1000,0
408,408,0.1663972090000243,6.0,436.0,0,1000,0
409,409,0.1668595930000265,6.0,437.0,0,1000,0
410,410,0.16736566600002334,6.0,438.0,0,1000,0
411,411,0.16782850000004146,6.0,439.0,0,1000,0
412,412,0.1682908679999855,6.0,440.0,0,1000,0
413,413,0.16875443200001428,6.0,441.0,0,1000,0
414,414,0.16921748899994782,6.0,442.0,0,1000,0
415,415,0.1696824089999609,6.0,443.0,0,1000,0
416,416,0.17014743999993698,6.0,444.0,0,1000,0
417,417,0.17061335800008237,6.0,445.0,0,1000,0
418,418,0.1710775740000372,6.0,446.0,0,1000,0
419,419,0.17154357599997638,6.0,447.0,0,1000,0
420,420,0.17200959100000546,6.0,448.0,0,1000,0
421,421,0.1724765070000558,6.0,449.0,0,1000,0
422,422,0.17297069899996131,6.0,450.0,0,1000,0
423,423,0.17342627299990454,6.0,451.0,0,1000,0
424,424,0.17389329100001305,6.0,452.0,0,1000,0
425,425,0.1743602369999735,6.0,453.0,0,1000,0
426,426,0.17481445699991127,6.0,454.0,0,1000,0
427,427,0.17528407000008883,6.0,455.0,0,1000,0
428,428,0.1757395259999157,6.0,456.0,0,1000,0
429,429,0.1761953339998854,6.0,457.0,0,1000,0
430,430,0.1767677600000752,6.0,458.0,0,1000,0
431,431,0.17722447300002386,6.0,459.0,0,1000,0
432,432,0.1777825080000639,6.0,460.0,0,1000,0
433,433,0.1782533359998979,6.0,461.0,0,1000,0
434,434,0.17872376500008613,6.0,462.0,0,1000,0
435,435,0.179194587999973,6.0,463.0,0,1000,0
436,436,0.17966540099996564,6.0,464.0,0,1000,0
437,437,0.18012375200009956,6.0,465.0,0,1000,0
438,438,0.18059560300002886,6.0,466.0,0,1000,0
439,439,0.18106838600010633,6.0,467.0,0,1000,0
440,440,0.18152834600005008,6.0,468.0,0,1000,0
441,441,0.1819893909998882,6.0,469.0,0,1000,0
442,442,0.18257834699988962,6.0,470.0,0,1000,0
443,443,0.18310995899992122,6.0,471.0,0,1000,0
444,444,0.1835915770000156,6.0,472.0,0,1000,0
445,445,0.18407066800000393,6.0,473.0,0,1000,0
446,446,0.18454814100005024,6.0,474.0,0,1000,0
447,447,0.18503784900008213,6.0,475.0,0,1000,0
448,448,0.18552012100008142,6.0,476.0,0,1000,0
449,449,0.18600002499988477,6.0,477.0,0,1000,0
450,450,0.1864807249999103,6.0,478.0,0,1000,0
451,451,0.18695973900003082,6.0,479.0,0,1000,0
452,452,0.18743940800004566,6.0,480.0,0,1000,0
453,453,0.18791976400007115,6.0,481.0,0,1000,0
454,454,0.18840309699999125,6.0,482.0,0,1000,0
455,455,0.18893203500010713,6.0,483.0,0,1000,0
456,456,0.1894127909999952,6.0,484.0,0,1000,0
457,457,0.189897172999963,6.0,485.0,0,1000,0
458,458,0.1903808619999836,6.0,486.0,0,1000,0
459,459,0.19086906100005763,6.0,487.0,0,1000,0
460,460,0.19135302900008355,6.0,488.0,0,1000,0
461,461,0.19183623699996133,6.0,489.0,0,1000,0
462,462,0.19232224699999279,6.0,490.0,0,1000,0
463,463,0.19280772599995544,6.0,491.0,0,1000,0
464,464,0.1932922220000819,6.0,492.0,0,1000,0
465,465,0.19377720800002862,6.0,493.0,0,1000,0
466,466,0.19432874199992511,6.0,494.0,0,1000,0
467,467,0.1948147410000729,6.0,495.0,0,1000,0
468,468,0.19528852100006588,6.0,496.0,0,1000,0
469,469,0.19577757799993378,6.0,497.0,0,1000,0
470,470,0.1962647630000447,6.0,498.0,0,1000,0
471,471,0.19675200000006043,6.0,499.0,0,1000,0
472,472,0.19732121600009123,6.0,500.0,0,1000,0
473,473,0.19779782000000523,6.0,501.0,0,1000,0
474,474,0.19827446299996154,6.0,502.0,0,1000,0
475,475,0.19882628899995325,6.0,503.0,0,1000,0
476,476,0.19931499599988456,6.0,504.0,0,1000,0
477,477,0.1998023619999003,6.0,505.0,0,1000,0
478,478,0.20029043699992144,6.0,506.0,0,1000,0
479,479,0.20082589000003281,6.0,507.0,0,1000,0
480,480,0.2013154520000171,6.0,508.0,0,1000,0
481,481,0.2018197089998921,6.0,509.0,0,1000,0
482,482,0.20231609300003583,6.0,510.0,0,1000,0
483,483,0.20280717800005732,6.0,511.0,0,1000,0
484,484,0.20330023699989397,6.0,512.0,0,1000,0
485,485,0.2038431200001014,6.0,513.0,0,1000,0
486,486,0.20433725699990646,6.0,514.0,0,1000,0
487,487,0.20489723299988327,6.0,515.0,0,1000,0
488,488,0.20538018000002012,6.0,516.0,0,1000,0
489,489,0.20586292200005119,6.0,517.0,0,1000,0
490,490,0.20635887299999922,6.0,518.0,0,1000,0
491,491,0.20685526100010065,6.0,519.0,0,1000,0
492,492,0.20735675500009165,6.0,520.0,0,1000,0
493,493,0.20785879899995052,6.0,521.0,0,1000,0
494,494,0.20835622599997805,6.0,522.0,0,1000,0
495,495,0.2088540350000585,6.0,523.0,0,1000,0
496,496,0.20935121899992737,6.0,524.0,0,1000,0
497,497,0.20985031800000797,6.0,525.0,0,1000,0
498,498,0.21039570499988258,6.0,526.0,0,1000,0
499,499,0.21089527300000555,6.0,527.0,0,1000,0
500,500,0.21139470200000687,6.0,528.0,0,1000,0
501,501,0.2118943370001034,6.0,529.0,0,1000,0
502,502,0.21239682100008395,6.0,530.0,0,1000,0
503,503,0.21289820900005907,6.0,531.0,0,1000,0
504,504,0.2133987800000341,6.0,532.0,0,1000,0
505,505,0.21390054199991937,6.0,533.0,0,1000,0
506,506,0.21440189999998438,6.0,534.0,0,1000,0
507,507,0.21490806399992834,6.0,535.0,0,1000,0
508,508,0.2154728380000961,6.0,536.0,0,1000,0
509,509,0.21597681200000807,6.0,537.0,0,1000,0
510,510,0.2164814339998884,6.0,538.0,0,1000,0
511,511,0.21698558299999604,6.0,539.0,0,1000,0
512,512,0.2174910189999082,6.0,540.0,0,1000,0
513,513,0.21803968199992596,6.0,541.0,0,1000,0
514,514,0.2185533070000929,6.0,542.0,0,1000,0
515,515,0.21906135700010054,6.0,543.0,0,1000,0
516,516,0.21957157799988636,6.0,544.0,0,1000,0
517,517,0.22008034200007387,6.0,545.0,0,1000,0
518,518,0.2205896909999865,6.0,546.0,0,1000,0
519,519,0.22109866499999953,6.0,547.0,0,1000,0
520,520,0.22160720900001252,6.0,548.0,0,1000,0
521,521,0.22215665199996693,6.0,549.0,0,1000,0
522,522,0.22266849600009664,6.0,550.0,0,1000,0
523,523,0.22317920199998298,6.0,551.0,0,1000,0
524,524,0.22369468100009726,6.0,552.0,0,1000,0
525,525,0.2241982799998823,6.0,553.0,0,1000,0
526,526,0.22474605000002157,6.0,554.0,0,1000,0
527,527,0.22528627599990614,6.0,555.0,0,1000,0
528,528,0.22586298900000656,6.0,556.0,0,1000,0
529,529,0.22637576300007822,6.0,557.0,0,1000,0
530,530,0.22719564499993794,6.0,558.0,0,1000,0
531,531,0.22807452000006379,6.0,559.0,0,1000,0
532,532,0.22911763999991308,6.0,560.0,0,1000,0
533,533,0.23003184100002727,6.0,561.0,0,1000,0
534,534,0.23122011100008422,6.0,562.0,0,1000,0
535,535,0.2321951189999254,6.0,563.0,0,1000,0
536,536,0.2329075059999468,6.0,564.0,0,1000,0
537,537,0.23347208699988187,6.0,565.0,0,1000,0
538,538,0.2340029740000773,6.0,566.0,0,1000,0
539,539,0.23456661599993822,6.0,567.0,0,1000,0
540,540,0.23515073699991262,6.0,568.0,0,1000,0
541,541,0.23567772999990666,6.0,569.0,0,1000,0
542,542,0.23619720600004257,6.0,570.0,0,1000,0
543,543,0.23672620999991523,6.0,571.0,0,1000,0
544,544,0.2372534450000785,6.0,572.0,0,1000,0
545,545,0.2377851080000255,6.0,573.0,0,1000,0
546,546,0.23847022199993262,6.0,574.0,0,1000,0
547,547,0.23900656399996478,6.0,575.0,0,1000,0
548,548,0.23953652000000147,6.0,576.0,0,1000,0
549,549,0.24006692200009638,6.0,577.0,0,1000,0
550,550,0.2406003270000383,6.0,578.0,0,1000,0
551,551,0.2411347190000015,6.0,579.0,0,1000,0
552,552,0.24166831299999103,6.0,580.0,0,1000,0
553,553,0.24220344199989086,6.0,581.0,0,1000,0
554,554,0.2427373630000602,6.0,582.0,0,1000,0
555,555,0.2432727469999918,6.0,583.0,0,1000,0
556,556,0.2438088690000768,6.0,584.0,0,1000,0
557,557,0.2443461139998817,6.0,585.0,0,1000,0
558,558,0.24488239099991915,6.0,586.0,0,1000,0
559,559,0.2454215610000574,6.0,587.0,0,1000,0
560,560,0.24595845999988342,6.0,588.0,0,1000,0
561,561,0.24649731699992117,6.0,589.0,0,1000,0
562,562,0.2471504109998932,6.0,590.0,0,1000,0
563,563,0.24769084400008978,6.0,591.0,0,1000,0
564,564,0.24823220500002208,6.0,592.0,0,1000,0
565,565,0.24877354299997023,6.0,593.0,0,1000,0
566,566,0.2493146849999448,6.0,594.0,0,1000,0
567,567,0.24984288099994956,6.0,595.0,0,1000,0
568,568,0.2503708110000389,6.0,596.0,0,1000,0
569,569,0.25089935300002253,6.0,597.0,0,1000,0
570,570,0.25144187499995496,6.0,598.0,0,1000,0
571,571,0.25198570899988226,6.0,599.0,0,1000,0
572,572,0.2525287579999258,6.0,600.0,0,1000,0
573,573,0.25311439100005373,6.0,601.0,0,1000,0
574,574,0.25365868399990177,6.0,602.0,0,1000,0
575,575,0.254203809000046,6.0,603.0,0,1000,0
576,576,0.25474822599994695,6.0,604.0,0,1000,0
577,577,0.25529412700007015,6.0,605.0,0,1000,0
578,578,0.25584152000010363,6.0,606.0,0,1000,0
579,579,0.25638918399999966,6.0,607.0,0,1000,0
580,580,0.2569353680000859,6.0,608.0,0,1000,0
581,581,0.25748319199988146,6.0,609.0,0,1000,0
582,582,0.2580324400000791,6.0,610.0,0,1000,0
583,583,0.2585808660001021,6.0,611.0,0,1000,0
584,584,0.2591281079999135,6.0,612.0,0,1000,0
585,585,0.2596769009999207,6.0,613.0,0,1000,0
586,586,0.2602246980000018,6.0,614.0,0,1000,0
587,587,0.26077451900005144,6.0,615.0,0,1000,0
588,588,0.26132447600002706,6.0,616.0,0,1000,0
589,589,0.2618751229999816,6.0,617.0,0,1000,0
590,590,0.26242611899988333,6.0,618.0,0,1000,0
591,591,0.2629776660000971,6.0,619.0,0,1000,0
592,592,0.2635774240000046,6.0,620.0,0,1000,0
593,593,0.2641319899998962,6.0,621.0,0,1000,0
594,594,0.2646708239999498,6.0,622.0,0,1000,0
595,595,0.2652108509998925,6.0,623.0,0,1000,0
596,596,0.26575282199996764,6.0,624.0,0,1000,0
597,597,0.2663078180000866,6.0,625.0,0,1000,0
598,598,0.2668625629999042,6.0,626.0,0,1000,0
599,599,0.26741798500006553,6.0,627.0,0,1000,0
600,600,0.2680197079998834,6.0,628.0,0,1000,0
601,601,0.26862189000007675,6.0,629.0,0,1000,0
602,602,0.2691784749999897,6.0,630.0,0,1000,0
603,603,0.2697359050000614,6.0,631.0,0,1000,0
604,604,0.2702921759998844,6.0,632.0,0,1000,0
605,605,0.270850960999951,6.0,633.0,0,1000,0
606,606,0.2714086240000597,6.0,634.0,0,1000,0
607,607,0.27200812899991433,6.0,635.0,0,1000,0
608,608,0.27256716100009726,6.0,636.0,0,1000,0
609,609,0.27312714499998947,6.0,637.0,0,1000,0
610,610,0.2736870829999134,6.0,638.0,0,1000,0
611,611,0.27424744199993256,6.0,639.0,0,1000,0
612,612,0.2748070459999781,6.0,640.0,0,1000,0
613,613,0.2753687809999974,6.0,641.0,0,1000,0
614,614,0.2759319050001068,6.0,642.0,0,1000,0
615,615,0.2764941870000257,6.0,643.0,0,1000,0
616,616,0.2770561469999393,6.0,644.0,0,1000,0
617,617,0.27761936799993236,6.0,645.0,0,1000,0
618,618,0.2781844490000367,6.0,646.0,0,1000,0
619,619,0.2787482969999928,6.0,647.0,0,1000,0
620,620,0.27931236299991724,6.0,648.0,0,1000,0
621,621,0.2798775660000956,6.0,649.0,0,1000,0
622,622,0.28044168399992486,6.0,650.0,0,1000,0
623,623,0.28100770800006103,6.0,651.0,0,1000,0
624,624,0.28157389700004387,6.0,652.0,0,1000,0
625,625,0.28214036600002146,6.0,653.0,0,1000,0
626,626,0.2827063839999937,6.0,654.0,0,1000,0
627,627,0.2832739729999503,6.0,655.0,0,1000,0
628,628,0.2838417349998963,6.0,656.0,0,1000,0
629,629,0.2844103729999006,6.0,657.0,0,1000,0
630,630,0.28497857499996826,6.0,658.0,0,1000,0
631,631,0.2855486700000256,6.0,659.0,0,1000,0
632,632,0.28611884699989787,6.0,660.0,0,1000,0
633,633,0.28668888500010326,6.0,661.0,0,1000,0
634,634,0.2872592149999491,6.0,662.0,0,1000,0
635,635,0.287832926999954,6.0,663.0,0,1000,0
636,636,0.28840504200002215,6.0,664.0,0,1000,0
637,637,0.28897642299989457,6.0,665.0,0,1000,0
638,638,0.2895945570001004,6.0,666.0,0,1000,0
639,639,0.29020702999991954,6.0,667.0,0,1000,0
640,640,0.29078047300004073,6.0,668.0,0,1000,0
641,641,0.29162952699994094,5.0,670.0,0,1000,0
642,642,0.2922027560000515,5.0,671.0,0,1000,0
643,643,0.29277701699993486,5.0,672.0,0,1000,0
644,644,0.29335130300000856,5.0,673.0,0,1000,0
645,645,0.29392566899991834,5.0,674.0,0,1000,0
646,646,0.2944997820000026,5.0,675.0,0,1000,0
647,647,0.29507499900000767,5.0,676.0,0,1000,0
648,648,0.29569661699997596,5.0,677.0,0,1000,0
649,649,0.2962737020000077,5.0,678.0,0,1000,0
650,650,0.29689595199988617,5.0,679.0,0,1000,0
651,651,0.2974731189999602,5.0,680.0,0,1000,0
652,652,0.29805041100007656,5.0,681.0,0,1000,0
653,653,0.2986288740000873,5.0,682.0,0,1000,0
654,654,0.29920732300001873,5.0,683.0,0,1000,0
655,655,0.29978635399993436,5.0,684.0,0,1000,0
656,656,0.30036457999995037,5.0,685.0,0,1000,0
657,657,0.30094480399998247,5.0,686.0,0,1000,0
658,658,0.3015242900000885,5.0,687.0,0,1000,0
659,659,0.30210566999994626,5.0,688.0,0,1000,0
660,660,0.3026874310000949,5.0,689.0,0,1000,0
661,661,0.30326927500004786,5.0,690.0,0,1000,0
662,662,0.30384962800008,5.0,691.0,0,1000,0
663,663,0.3044326459998956,5.0,692.0,0,1000,0
664,664,0.30528710499993394,4.0,694.0,0,1000,0
665,665,0.3058745690000251,4.0,695.0,0,1000,0
666,666,0.30645876700009467,4.0,696.0,0,1000,0
667,667,0.3070439620000798,4.0,697.0,0,1000,0
668,668,0.3076292010000543,4.0,698.0,0,1000,0
669,669,0.3082172049998917,4.0,699.0,0,1000,0
670,670,0.30880378000006203,4.0,700.0,0,1000,0
671,671,0.3093904400000156,4.0,701.0,0,1000,0
672,672,0.30997703999992154,4.0,702.0,0,1000,0
673,673,0.3106111439999495,4.0,703.0,0,1000,0
674,674,0.31120003000000906,4.0,704.0,0,1000,0
675,675,0.3118303300000207,4.0,705.0,0,1000,0
676,676,0.3124194790000274,4.0,706.0,0,1000,0
677,677,0.3130092189999232,4.0,707.0,0,1000,0
678,678,0.31359965799993006,4.0,708.0,0,1000,0
679,679,0.31418983699995806,4.0,709.0,0,1000,0
680,680,0.31478016500000194,4.0,710.0,0,1000,0
681,681,0.3153713589999825,4.0,711.0,0,1000,0
682,682,0.3159652469998946,4.0,712.0,0,1000,0
683,683,0.31660392999992837,4.0,713.0,0,1000,0
684,684,0.3171966219999831,4.0,714.0,0,1000,0
685,685,0.31779248699990603,4.0,715.0,0,1000,0
686,686,0.31838612799992916,4.0,716.0,0,1000,0
687,687,0.31897967400004745,4.0,717.0,0,1000,0
688,688,0.31957409200003895,4.0,718.0,0,1000,0
689,689,0.32016876300008335,4.0,719.0,0,1000,0
690,690,0.3208076240000537,4.0,720.0,0,1000,0
691,691,0.32139058000007026,4.0,721.0,0,1000,0
692,692,0.3219867289999456,4.0,722.0,0,1000,0
693,693,0.32285748300000705,3.0,724.0,0,1000,0
694,694,0.3234409270000924,3.0,725.0,0,1000,0
695,695,0.32402488699995047,3.0,726.0,0,1000,0
696,696,0.3246225539999159,3.0,727.0,0,1000,0
697,697,0.3252207369998814,3.0,728.0,0,1000,0
698,698,0.3258200840000427,3.0,729.0,0,1000,0
699,699,0.3264190800000506,3.0,730.0,0,1000,0
700,700,0.32701777400006904,3.0,731.0,0,1000,0
701,701,0.3276166949999606,3.0,732.0,0,1000,0
702,702,0.32821635599998444,3.0,733.0,0,1000,0
703,703,0.3288185199999134,3.0,734.0,0,1000,0
704,704,0.3294181139999637,3.0,735.0,0,1000,0
705,705,0.330019343999993,3.0,736.0,0,1000,0
706,706,0.33062122499995894,3.0,737.0,0,1000,0
707,707,0.33122437099996205,3.0,738.0,0,1000,0
708,708,0.331870538999965,3.0,739.0,0,1000,0
709,709,0.33247423900002104,3.0,740.0,0,1000,0
710,710,0.3330765559999236,3.0,741.0,0,1000,0
711,711,0.33368037700006425,3.0,742.0,0,1000,0
712,712,0.3342841409998982,3.0,743.0,0,1000,0
713,713,0.33487570700003744,3.0,744.0,0,1000,0
714,714,0.3354819920000409,3.0,745.0,0,1000,0
715,715,0.3360887680000815,3.0,746.0,0,1000,0
716,716,0.33668220200001997,3.0,747.0,0,1000,0
717,717,0.33727607700006956,3.0,748.0,0,1000,0
718,718,0.337884497999994,3.0,749.0,0,1000,0
719,719,0.3384917509999923,3.0,750.0,0,1000,0
720,720,0.33910610799989627,3.0,751.0,0,1000,0
721,721,0.3397001309999723,3.0,752.0,0,1000,0
722,722,0.3402944760000537,3.0,753.0,0,1000,0
723,723,0.3408891379999659,3.0,754.0,0,1000,0
724,724,0.34148436700002094,3.0,755.0,0,1000,0
725,725,0.3420805900000232,3.0,756.0,0,1000,0
726,726,0.34267688699992505,3.0,757.0,0,1000,0
727,727,0.34331871700010197,3.0,758.0,0,1000,0
728,728,0.3439147490000778,3.0,759.0,0,1000,0
729,729,0.3445768340000086,3.0,760.0,0,1000,0
730,730,0.34517433900009564,3.0,761.0,0,1000,0
731,731,0.3457748900000297,3.0,762.0,0,1000,0
732,732,0.34637248900003215,3.0,763.0,0,1000,0
733,733,0.346972021000056,3.0,764.0,0,1000,0
734,734,0.3475714619999053,3.0,765.0,0,1000,0
735,735,0.3481731150000087,3.0,766.0,0,1000,0
736,736,0.3488177459998951,3.0,767.0,0,1000,0
737,737,0.34941851000007773,3.0,768.0,0,1000,0
738,738,0.35000683699990986,3.0,769.0,0,1000,0
739,739,0.3506070569999338,3.0,770.0,0,1000,0
740,740,0.351207273,3.0,771.0,0,1000,0
741,741,0.3518099230000189,3.0,772.0,0,1000,0
742,742,0.3524130040000273,3.0,773.0,0,1000,0
743,743,0.35304498999994394,3.0,774.0,0,1000,0
744,744,0.35369986699993206,3.0,775.0,0,1000,0
745,745,0.35434969499988256,3.0,776.0,0,1000,0
746,746,0.3549538259999281,3.0,777.0,0,1000,0
747,747,0.35555979299988394,3.0,778.0,0,1000,0
748,748,0.3561653540000407,3.0,779.0,0,1000,0
749,749,0.35677195399989614,3.0,780.0,0,1000,0
750,750,0.35736556000006203,3.0,781.0,0,1000,0
751,751,0.3579740329998913,3.0,782.0,0,1000,0
752,752,0.3585809389999213,3.0,783.0,0,1000,0
753,753,0.3591887529998985,3.0,784.0,0,1000,0
754,754,0.35979507599995486,3.0,785.0,0,1000,0
755,755,0.3603899550000733,3.0,786.0,0,1000,0
756,756,0.3609863290000703,3.0,787.0,0,1000,0
757,757,0.36159733399995275,3.0,788.0,0,1000,0
758,758,0.3621940010000344,3.0,789.0,0,1000,0
759,759,0.3628041500001018,3.0,790.0,0,1000,0
760,760,0.36341441099989424,3.0,791.0,0,1000,0
761,761,0.36402635700005703,3.0,792.0,0,1000,0
762,762,0.3646842769999239,3.0,793.0,0,1000,0
763,763,0.36529649099998096,3.0,794.0,0,1000,0
764,764,0.3659092289999535,3.0,795.0,0,1000,0
765,765,0.3665220999998837,3.0,796.0,0,1000,0
766,766,0.36713484699998844,3.0,797.0,0,1000,0
767,767,0.3677504479999243,3.0,798.0,0,1000,0
768,768,0.36835283899995375,3.0,799.0,0,1000,0
769,769,0.369040817000041,3.0,800.0,0,1000,0
770,770,0.3696556760000931,3.0,801.0,0,1000,0
771,771,0.3703388880001057,3.0,802.0,0,1000,0
772,772,0.37095437700008915,3.0,803.0,0,1000,0
773,773,0.37157047999994575,3.0,804.0,0,1000,0
774,774,0.3721864110000297,3.0,805.0,0,1000,0
775,775,0.37292837900008635,3.0,806.0,0,1000,0
776,776,0.37354780999999093,3.0,807.0,0,1000,0
777,777,0.3741667930000858,3.0,808.0,0,1000,0
778,778,0.37484334700002364,3.0,809.0,0,1000,0
779,779,0.3755105160000767,3.0,810.0,0,1000,0
780,780,0.3761308180000924,3.0,811.0,0,1000,0
781,781,0.37675099300008696,3.0,812.0,0,1000,0
782,782,0.37737012100001266,3.0,813.0,0,1000,0
783,783,0.3779929649999758,3.0,814.0,0,1000,0
784,784,0.3786120170000231,3.0,815.0,0,1000,0
785,785,0.3792330559999755,3.0,816.0,0,1000,0
786,786,0.3798552610001025,3.0,817.0,0,1000,0
787,787,0.38047840900003393,3.0,818.0,0,1000,0
788,788,0.3811684669999522,3.0,819.0,0,1000,0
789,789,0.3817909449999206,3.0,820.0,0,1000,0
790,790,0.3824137960000371,3.0,821.0,0,1000,0
791,791,0.3830377110000427,3.0,822.0,0,1000,0
792,792,0.3836610630000905,3.0,823.0,0,1000,0
793,793,0.38428556300004857,3.0,824.0,0,1000,0
794,794,0.384909837999885,3.0,825.0,0,1000,0
795,795,0.38553674199988563,3.0,826.0,0,1000,0
796,796,0.38622917599991524,3.0,827.0,0,1000,0
797,797,0.3868545949999316,3.0,828.0,0,1000,0
798,798,0.38748080300001675,3.0,829.0,0,1000,0
799,799,0.3881085739999435,3.0,830.0,0,1000,0
800,800,0.3887360730000182,3.0,831.0,0,1000,0
801,801,0.3893633109998973,3.0,832.0,0,1000,0
802,802,0.38999136999996153,3.0,833.0,0,1000,0
803,803,0.39061948900007337,3.0,834.0,0,1000,0
804,804,0.3913144949999605,3.0,835.0,0,1000,0
805,805,0.3919436290000249,3.0,836.0,0,1000,0
806,806,0.39266335899992555,3.0,837.0,0,1000,0
807,807,0.39329303399995297,3.0,838.0,0,1000,0
808,808,0.39392417799990653,3.0,839.0,0,1000,0
809,809,0.39455463200010854,3.0,840.0,0,1000,0
810,810,0.3951859520000198,3.0,841.0,0,1000,0
811,811,0.39587814400010757,3.0,842.0,0,1000,0
812,812,0.396512027999961,3.0,843.0,0,1000,0
813,813,0.3971911579999414,3.0,844.0,0,1000,0
814,814,0.3978270860000066,3.0,845.0,0,1000,0
815,815,0.39846115999989706,3.0,846.0,0,1000,0
816,816,0.39909520700007306,3.0,847.0,0,1000,0
817,817,0.3997300979999636,3.0,848.0,0,1000,0
818,818,0.40036528800010274,3.0,849.0,0,1000,0
819,819,0.4009999099998822,3.0,850.0,0,1000,0
820,820,0.40169934000005014,3.0,851.0,0,1000,0
821,821,0.40233510699999897,3.0,852.0,0,1000,0
822,822,0.4029718159999902,3.0,853.0,0,1000,0
823,823,0.40360893100000794,3.0,854.0,0,1000,0
824,824,0.40424659199993584,3.0,855.0,0,1000,0
825,825,0.40487129100006314,3.0,856.0,0,1000,0
826,826,0.4054988620000586,3.0,857.0,0,1000,0
827,827,0.40612402900001143,3.0,858.0,0,1000,0
828,828,0.40676332099997126,3.0,859.0,0,1000,0
829,829,0.40745259699997405,3.0,860.0,0,1000,0
830,830,0.4080950190000294,3.0,861.0,0,1000,0
831,831,0.40873525300003166,3.0,862.0,0,1000,0
832,832,0.40937550200010264,3.0,863.0,0,1000,0
833,833,0.410016885999994,3.0,864.0,0,1000,0
834,834,0.41065920500000175,3.0,865.0,0,1000,0
835,835,0.4113012459999936,3.0,866.0,0,1000,0
836,836,0.411943668000049,3.0,867.0,0,1000,0
837,837,0.4126932690001013,3.0,868.0,0,1000,0
838,838,0.41333712799996647,3.0,869.0,0,1000,0
839,839,0.41396792599994114,3.0,870.0,0,1000,0
840,840,0.41459855600010087,3.0,871.0,0,1000,0
841,841,0.41522922099989046,3.0,872.0,0,1000,0
842,842,0.41587487500009956,3.0,873.0,0,1000,0
843,843,0.41652053999996497,3.0,874.0,0,1000,0
844,844,0.41722510499994314,3.0,875.0,0,1000,0
845,845,0.41791973699992013,3.0,876.0,0,1000,0
846,846,0.4185827399999198,3.0,877.0,0,1000,0
847,847,0.41922958500003915,3.0,878.0,0,1000,0
848,848,0.4198767240000052,3.0,879.0,0,1000,0
849,849,0.4205247350000718,3.0,880.0,0,1000,0
850,850,0.42117230500002734,3.0,881.0,0,1000,0
851,851,0.42181997800003046,3.0,882.0,0,1000,0
852,852,0.42246774299997014,3.0,883.0,0,1000,0
853,853,0.42311763599991536,3.0,884.0,0,1000,0
854,854,0.42380933699996604,3.0,885.0,0,1000,0
855,855,0.4244605880001018,3.0,886.0,0,1000,0
856,856,0.4251122589998886,3.0,887.0,0,1000,0
857,857,0.4257654170000933,3.0,888.0,0,1000,0
858,858,0.4264166180000757,3.0,889.0,0,1000,0
859,859,0.427069457000016,3.0,890.0,0,1000,0
860,860,0.4277215360000355,3.0,891.0,0,1000,0
861,861,0.42837717099996553,3.0,892.0,0,1000,0
862,862,0.42907087399999,3.0,893.0,0,1000,0
863,863,0.4297256810000363,3.0,894.0,0,1000,0
864,864,0.4303785899999184,3.0,895.0,0,1000,0
865,865,0.43103325399988535,3.0,896.0,0,1000,0
866,866,0.4316893059999529,3.0,897.0,0,1000,0
867,867,0.4323451299999306,3.0,898.0,0,1000,0
868,868,0.43300106600008803,3.0,899.0,0,1000,0
869,869,0.43365810699992835,3.0,900.0,0,1000,0
870,870,0.4343541359999108,3.0,901.0,0,1000,0
871,871,0.4350115849999838,3.0,902.0,0,1000,0
872,872,0.4356609809999554,3.0,903.0,0,1000,0
873,873,0.4363062780000746,3.0,904.0,0,1000,0
874,874,0.4369523499999559,3.0,905.0,0,1000,0
875,875,0.43761135999989165,3.0,906.0,0,1000,0
876,876,0.4382724849999704,3.0,907.0,0,1000,0
877,877,0.4389935459998924,3.0,908.0,0,1000,0
878,878,0.4396882109999751,3.0,909.0,0,1000,0
879,879,0.4403496479999376,3.0,910.0,0,1000,0
880,880,0.4410538550000638,3.0,911.0,0,1000,0
881,881,0.4417023870000776,3.0,912.0,0,1000,0
882,882,0.442352117999917,3.0,913.0,0,1000,0
883,883,0.4430146310000964,3.0,914.0,0,1000,0
884,884,0.44367749999992157,3.0,915.0,0,1000,0
885,885,0.44434155599992664,3.0,916.0,0,1000,0
886,886,0.4450911609999366,3.0,917.0,0,1000,0
887,887,0.44575751999991553,3.0,918.0,0,1000,0
888,888,0.44642279699996834,3.0,919.0,0,1000,0
889,889,0.44708839000008993,3.0,920.0,0,1000,0
890,890,0.44775326500007395,3.0,921.0,0,1000,0
891,891,0.44842109799992613,3.0,922.0,0,1000,0
892,892,0.44908791100010603,3.0,923.0,0,1000,0
893,893,0.44975461600006383,3.0,924.0,0,1000,0
894,894,0.450463253999942,3.0,925.0,0,1000,0
895,895,0.4514009029999215,2.0,927.0,0,1000,0
896,896,0.4520707029998903,2.0,928.0,0,1000,0
897,897,0.45274190000009185,2.0,929.0,0,1000,0
898,898,0.45341139800007113,2.0,930.0,0,1000,0
899,899,0.45408237700007703,2.0,931.0,0,1000,0
900,900,0.45475306999992426,2.0,932.0,0,1000,0
901,901,0.4555422509999971,2.0,933.0,0,1000,0
902,902,0.4562139719998868,2.0,934.0,0,1000,0
903,903,0.4568863340000462,2.0,935.0,0,1000,0
904,904,0.4576825229999031,2.0,936.0,0,1000,0
905,905,0.4583589960000154,2.0,937.0,0,1000,0
906,906,0.4590332830000534,2.0,938.0,0,1000,0
907,907,0.4597655800000666,2.0,939.0,0,1000,0
908,908,0.4605054609999115,2.0,940.0,0,1000,0
909,909,0.4611808929998915,2.0,941.0,0,1000,0
910,910,0.46185554899989256,2.0,942.0,0,1000,0
911,911,0.46253099399996245,2.0,943.0,0,1000,0
912,912,0.4632064370000535,2.0,944.0,0,1000,0
913,913,0.46388292100004946,2.0,945.0,0,1000,0
914,914,0.4646103709999352,2.0,946.0,0,1000,0
915,915,0.4652884429999631,2.0,947.0,0,1000,0
916,916,0.46603753399995185,2.0,948.0,0,1000,0
917,917,0.46671675199991114,2.0,949.0,0,1000,0
918,918,0.4673950670000977,2.0,950.0,0,1000,0
919,919,0.46807682100006787,2.0,951.0,0,1000,0
920,920,0.46875568800010115,2.0,952.0,0,1000,0
921,921,0.4694354000000658,2.0,953.0,0,1000,0
922,922,0.4701147349999246,2.0,954.0,0,1000,0
923,923,0.47079531999997926,2.0,955.0,0,1000,0
924,924,0.4715049450001061,2.0,956.0,0,1000,0
925,925,0.4721736530000271,2.0,957.0,0,1000,0
926,926,0.472841858000038,2.0,958.0,0,1000,0
927,927,0.4735236019998865,2.0,959.0,0,1000,0
928,928,0.4742059010000048,2.0,960.0,0,1000,0
929,929,0.4748876199998904,2.0,961.0,0,1000,0
930,930,0.475571711999919,2.0,962.0,0,1000,0
931,931,0.47625563099995816,2.0,963.0,0,1000,0
932,932,0.47698614799992356,2.0,964.0,0,1000,0
933,933,0.4779480679999324,2.0,965.0,0,1000,0
934,934,0.4791182449998814,2.0,966.0,0,1000,0
935,935,0.48055939699997907,2.0,967.0,0,1000,0
936,936,0.48168311700010236,2.0,968.0,0,1000,0
937,937,0.4827937889999703,2.0,969.0,0,1000,0
938,938,0.4836416210000607,2.0,970.0,0,1000,0
939,939,0.48434890199996516,2.0,971.0,0,1000,0
940,940,0.4850558870000441,2.0,972.0,0,1000,0
941,941,0.48576884499993866,2.0,973.0,0,1000,0
942,942,0.4864789450000444,2.0,974.0,0,1000,0
943,943,0.48718614900008106,2.0,975.0,0,1000,0
944,944,0.48796454500006803,2.0,976.0,0,1000,0
945,945,0.48876317799999924,2.0,977.0,0,1000,0
946,946,0.48945426000000225,2.0,978.0,0,1000,0
947,947,0.49014455499991527,2.0,979.0,0,1000,0
948,948,0.4908353549999447,2.0,980.0,0,1000,0
949,949,0.4915286539999215,2.0,981.0,0,1000,0
950,950,0.4922214890000305,2.0,982.0,0,1000,0
951,951,0.49291538900001797,2.0,983.0,0,1000,0
952,952,0.49361169700000573,2.0,984.0,0,1000,0
953,953,0.49430573499989805,2.0,985.0,0,1000,0
954,954,0.4950012419999439,2.0,986.0,0,1000,0
955,955,0.4956980919998841,2.0,987.0,0,1000,0
956,956,0.49639360700007273,2.0,988.0,0,1000,0
957,957,0.4970899200000076,2.0,989.0,0,1000,0
958,958,0.4978499690000717,2.0,990.0,0,1000,0
959,959,0.4985490970000228,2.0,991.0,0,1000,0
960,960,0.49924656000007417,2.0,992.0,0,1000,0
961,961,0.4999453180000728,2.0,993.0,0,1000,0
962,962,0.5006440049999128,2.0,994.0,0,1000,0
963,963,0.5013428629999908,2.0,995.0,0,1000,0
964,964,0.5020427889999155,2.0,996.0,0,1000,0
965,965,0.5028043939998952,2.0,997.0,0,1000,0
966,966,0.5035474629999044,2.0,998.0,0,1000,0
967,967,0.5042480189999878,2.0,999.0,0,1000,0
968,968,0.5049487320000026,2.0,1000.0,0,1000,0
969,969,0.505651933000081,2.0,1001.0,0,1000,0
970,970,0.5063547390000167,2.0,1002.0,0,1000,0
971,971,0.507056958000021,2.0,1003.0,0,1000,0
972,972,0.5077588809999725,2.0,1004.0,0,1000,0
973,973,0.5084651719998874,2.0,1005.0,0,1000,0
974,974,0.5092082979999759,2.0,1006.0,0,1000,0
975,975,0.509908557000017,2.0,1007.0,0,1000,0
976,976,0.5106081149999682,2.0,1008.0,0,1000,0
977,977,0.51130835999993,2.0,1009.0,0,1000,0
978,978,0.5120070949999445,2.0,1010.0,0,1000,0
979,979,0.512752773000102,2.0,1011.0,0,1000,0
980,980,0.5134539779999159,2.0,1012.0,0,1000,0
981,981,0.5142542119999689,2.0,1013.0,0,1000,0
982,982,0.5149559879998833,2.0,1014.0,0,1000,0
983,983,0.5156607960000201,2.0,1015.0,0,1000,0
984,984,0.5163622459999715,2.0,1016.0,0,1000,0
985,985,0.5170655990000341,2.0,1017.0,0,1000,0
986,986,0.518035103000102,1.0,1019.0,0,1000,0
987,987,0.5187412719999429,1.0,1020.0,0,1000,0
988,988,0.5195073770000818,1.0,1021.0,0,1000,0
989,989,0.5202130679999755,1.0,1022.0,0,1000,0
990,990,0.520920199000102,1.0,1023.0,0,1000,0
991,991,0.5216263120000804,1.0,1024.0,0,1000,0
992,992,0.5223329569998896,1.0,1025.0,0,1000,0
993,993,0.5230395700000372,1.0,1026.0,0,1000,0
994,994,0.5238083110000389,1.0,1027.0,0,1000,0
995,995,0.524562744999912,1.0,1028.0,0,1000,0
996,996,0.5252704619999804,1.0,1029.0,0,1000,0
997,997,0.5259804130000703,1.0,1030.0,0,1000,0
998,998,0.5266875639999853,1.0,1031.0,0,1000,0
999,999,0.5273972069999218,1.0,1032.0,0,1000,0
1000,1000,0.5281086879999748,1.0,1033.0,0,1000,0
